school_name,composite_score,equity_rank,excellence_rank,efficiency_rank,enrollment,equity_score_p,excellence_score_p,efficiency_score_p,composite_score_p,district,supervisor,asian_students,african_american_students,not_reported_students,filipino_students,hispanic_or_latino_students,two_or_more_races_students,white_students,pacific_islander_students,american_indian_or_alaska_native_students,asian_percent,african_american_percent,not_reported_percent,filipino_percent,hispanic_or_latino_percent,two_or_more_races_percent,white_percent,pacific_islander_percent,american_indian_or_alaska_native_percent,replacement_costs_in_years_1—5,overall_campus_fci,building_fci,exterior_site_fci,electrical_system,equipment,exterior_enclosure,fire_protection,furnishings,hvac_system,student_enrollment,enrollment_capacity,bond_investments_since_2003,classrooms,lot_sq_ft,year_built,building_sq_ft,primary_program
Washington (George) High,72.91,81,52,98,2091,63.294782930684526,37.85113793994032,93.06123811863424,64.37548547998591,1,Connie Chan,1018,87,69,62,370,126,262,11,3,50.69721115537848,4.3326693227091635,3.436254980079681,3.087649402390438,18.426294820717132,6.274900398406374,13.047808764940239,0.5478087649402391,0.14940239043824702,18427650,0.14,0.12,0.27,0.12,0.0,0.0,0.41,0.41,,2068,2101,97404162,100,679002,1936,247800,HS
Presidio Middle,51.16,52,44,94,996,39.098491384083175,31.936443276979187,80.95868638854662,47.77302810842304,1,Connie Chan,343,28,65,29,151,135,226,1,2,35.0,2.857142857142857,6.63265306122449,2.9591836734693877,15.408163265306122,13.77551020408163,23.06122448979592,0.10204081632653061,0.20408163265306123,25167306,0.25,0.24,0.35,0.1,0.39,0.39,,,0.38,987,1015,19362502,47,144000,1930,140000,MS
Lafayette Elementary,23.61,7,96,48,468,0.0,86.00909833945488,34.90085793745227,30.227489069226788,1,Connie Chan,173,7,28,12,62,72,118,2,,36.49789029535865,1.4767932489451476,5.9071729957805905,2.5316455696202533,13.080168776371309,15.18987341772152,24.894514767932492,0.42194092827004215,,7482095,0.19,0.18,0.29,0.1,,0.03,,,,494,531,26530616,26,74400,1927,54283,ES
Alamo Elementary,14.13,6,74,35,390,0.0,55.24318309771701,25.054180993783692,20.074341022875174,1,Connie Chan,130,5,27,10,59,48,114,,,33.078880407124686,1.2722646310432568,6.870229007633588,2.5445292620865136,15.012722646310433,12.213740458015266,29.00763358778626,,,14767840,0.34,0.39,0.06,0.81,,0.13,0.0,0.0,1.05,435,413,2862675,27,60000,1926,50420,ES
Argonne Elementary,11.46,4,75,40,389,0.0,56.15034768214739,28.92768651542631,21.269508549393425,1,Connie Chan,118,12,33,13,43,39,108,2,,32.065217391304344,3.260869565217391,8.967391304347826,3.532608695652174,11.684782608695652,10.597826086956522,29.347826086956523,0.5434782608695652,,9395256,0.325,0.315,0.3,0.69,0.2,0.175,0.0,0.27,0.0,389,398,300000,20,68520,1997,52000,ES
Francisco Middle,58.93,99,27,28,502,99.48090503717759,18.399160525775777,19.273716753167257,59.15867183832456,3,Aaron Peskin,266,27,25,9,112,25,44,2,1,52.054794520547944,5.283757338551859,4.892367906066536,1.761252446183953,21.91780821917808,4.892367906066536,8.610567514677104,0.3913894324853229,0.19569471624266144,22515157,0.31,0.32,0.17,0.7,,0.05,0.23,0.23,0.88,548,566,16164724,38,113020,1924,122834,MS
Chin (John Yehall) Elementary,50.03,33,94,88,232,24.701591034033346,80.95880364866167,70.53164366243638,50.223407344791184,3,Aaron Peskin,207,2,8,7,11,3,15,,,81.81818181818183,0.7905138339920948,3.1620553359683794,2.766798418972332,4.3478260869565215,1.185770750988142,5.928853754940711,,,748045,0.05,0.0,0.48,0.0,,0.0,0.0,0.0,,265,275,14677730,12,27557,1914,27415,ES
Garfield Elementary,32.92,30,50,81,182,22.22877014491864,36.376056568753775,62.04731222642458,35.720227271253904,3,Aaron Peskin,74,18,9,9,33,31,17,,,38.7434554973822,9.424083769633508,4.712041884816754,4.712041884816754,17.277486910994764,16.230366492146597,8.900523560209423,,,1035518,0.04,0.03,0.32,0.18,,0.0,0.0,0.0,,196,242,19482000,17,34422,1970,33800,ES
Yick Wo Elementary,15.97,12,61,38,217,3.467705659095948,44.5871132571422,27.396731994669985,19.72981414250102,3,Aaron Peskin,64,11,22,3,26,27,46,,,32.1608040201005,5.527638190954774,11.055276381909549,1.507537688442211,13.06532663316583,13.5678391959799,23.115577889447238,,,575331,0.04,0.02,0.22,0.01,,0.04,0.0,0.25,,215,252,4926277,14,30612,1983,26000,ES
Parker (Jean) Elementary,13.88,24,56,3,123,16.923500227133935,40.81566986052837,0.0,18.665667578699058,3,Aaron Peskin,80,12,4,1,14,7,6,,1,64.0,9.6,3.2,0.8,11.200000000000001,5.6000000000000005,4.8,,0.8,5957958,0.26,0.27,,0.72,0.42,0.42,0.01,0.0,0.0,168,231,300000,16,26888,1996,46000,ES
Galileo High,91.88,100,58,62,1781,100.0,42.31252165760374,45.35514662260764,71.91691707005285,3,Aaron Peskin,772,94,33,90,506,73,163,8,2,44.34233199310741,5.399195864445721,1.8954623779437105,5.1694428489373925,29.063756461803564,4.192992533026995,9.362435381964389,0.4595060310166571,0.11487650775416428,83385883,0.45,0.46,0.38,1.09,0.27,0.19,,1.09,1.08,1877,1942,19686471,88,211200,1925,242400,HS
Spring Valley Elementary,25.72,46,41,12,233,34.66967025632751,29.685821640543644,2.2202349548412457,25.311349277009977,3,Aaron Peskin,54,7,4,3,128,6,11,,1,25.233644859813083,3.2710280373831773,1.8691588785046727,1.4018691588785046,59.813084112149525,2.803738317757009,5.14018691588785,,0.46728971962616817,6150176,0.26,0.27,,0.56,,,0.0,,,241,289,8676745,22,41250,1910,50400,ES
Redding Elementary,25.47,40,14,65,241,30.175157219683342,4.902114629838728,47.69769762349394,28.23753167317484,3,Aaron Peskin,43,22,7,14,59,21,77,2,1,17.479674796747968,8.94308943089431,2.8455284552845526,5.691056910569105,23.983739837398375,8.536585365853659,31.300813008130078,0.8130081300813009,0.40650406504065045,3702358,0.16,0.16,0.19,0.3,0.64,0.28,0.0,0.27,,244,286,17615860,17,37320,1980,31374,ES
Muir (John) Elementary,49.99,64,85,19,266,48.15733505657996,66.59912460736908,10.704566390853046,43.40459027784551,5,Dean Preston,4,46,8,,140,10,17,1,,1.7699115044247788,20.353982300884958,3.5398230088495577,,61.94690265486725,4.424778761061947,7.52212389380531,0.4424778761061947,,10381693,0.26,0.26,0.11,0.68,0.06,0.06,0.05,,0.0,246,295,3560612,30,45912,1932,65750,ES
Wells (Ida B.) High,41.7,85,5,73,,67.8464780515144,0.0,54.352835351616775,47.51144786366139,5,Dean Preston,21,31,3,1,99,9,13,2,,11.731843575418994,17.318435754189945,1.675977653631285,0.5586592178770949,55.3072625698324,5.027932960893855,7.262569832402235,1.1173184357541899,,7106546,0.26,0.29,0.16,0.63,0.29,0.29,,0.8,,133,220,17129836,17,60671,1911,34300,HS
Chinese Immersion School at DeAvila,34.1,41,48,36,407,30.933175084685793,34.900975197567234,25.842014264956273,30.652334907973774,5,Dean Preston,287,4,19,2,19,35,16,,,75.13089005235602,1.0471204188481675,4.973821989528796,0.5235602094240838,4.973821989528796,9.162303664921465,4.18848167539267,,,5410638,0.13,0.12,0.19,0.39,0.32,0.06,0.09,0.05,,370,396,10737654,26,53905,1896,58582,ES
New Traditions Elementary,23.72,14,81,41,261,6.14946807397877,62.0474294865396,29.685704380428696,26.00801750373146,5,Dean Preston,16,14,21,3,39,33,126,1,1,6.299212598425196,5.511811023622047,8.267716535433072,1.1811023622047243,15.354330708661418,12.992125984251967,49.60629921259843,0.39370078740157477,0.39370078740157477,10110915,0.38,0.39,0.27,0.62,1.25,0.46,,1.25,1.29,233,264,5449693,13,55000,1923,26300,ES
Grattan Elementary,14.65,10,71,29,391,0.4809999464849284,52.61790912262429,20.134086754768326,18.42849894259062,5,Dean Preston,29,16,26,3,59,64,187,,,7.552083333333333,4.166666666666666,6.770833333333333,0.78125,15.364583333333334,16.666666666666664,48.69791666666667,,,10093972,0.38,0.4,0.09,0.51,,0.09,1.23,0.0,0.86,403,452,3439934,24,63390,1971,55420,ES
Balboa High,62.04,98,24,89,1262,94.30870882289688,15.676146782992987,71.98088229130866,69.06861168002385,11,Ahsha Safaí,545,68,24,85,410,52,41,24,2,43.56514788169464,5.435651478816946,1.9184652278177456,6.794564348521183,32.77378097521982,4.156674660271783,3.277378097521982,1.9184652278177456,0.15987210231814547,83040670,0.53,0.54,0.17,1.03,1.07,0.34,1.19,0.74,1.16,1262,1296,23128311,70,446040,1928,261700,HS
Sheridan Elementary,54.8,61,92,33,196,45.834466701285635,76.92712376666833,23.454120329776792,48.0125443747541,11,Ahsha Safaí,25,30,8,16,78,20,11,2,,13.157894736842104,15.789473684210526,4.2105263157894735,8.421052631578947,41.05263157894737,10.526315789473683,5.7894736842105265,1.0526315789473684,,5381015,0.11,0.11,0.03,0.01,,0.0,0.0,,,213,257,18980000,18,70000,1994,54596,ES
Longfellow Elementary,50.56,55,66,77,461,41.31895315747272,48.493535769084474,58.02160782810625,47.28826247803404,11,Ahsha Safaí,48,7,17,103,243,19,11,6,,10.572687224669604,1.5418502202643172,3.7444933920704844,22.687224669603523,53.524229074889874,4.185022026431718,2.4229074889867843,1.3215859030837005,,2173616,0.07,0.07,0.03,0.24,0.0,0.01,0.0,0.43,,470,509,13609891,26,88909,1958,40500,ES
Monroe Elementary,40.53,34,49,91,532,25.505930812564763,35.63873873683304,75.16009618461618,40.45267413664469,11,Ahsha Safaí,203,5,21,5,264,9,15,,,38.88888888888889,0.9578544061302682,4.022988505747127,0.9578544061302682,50.57471264367817,1.7241379310344827,2.8735632183908044,,,688926,0.02,0.02,0.02,0.01,0.0,0.0,0.0,0.0,,507,556,8174569,22,70000,1916,53400,ES
Guadalupe Elementary,40.43,57,47,42,273,42.80983499541927,34.162318354505885,30.439474219788856,37.55536564128332,11,Ahsha Safaí,26,4,14,18,204,1,7,5,,9.31899641577061,1.4336917562724014,5.017921146953405,6.451612903225806,73.11827956989248,0.35842293906810035,2.5089605734767026,1.7921146953405016,,2857990,0.1,0.11,0.04,0.0,0.0,0.0,0.57,0.0,,333,384,7736656,25,88081,1922,40777,ES
Jordan (June) School for Equity,35.23,89,26,1,179,73.22835299556945,17.50893003979053,0.0,40.99140900773236,11,Ahsha Safaí,9,18,6,10,147,9,3,4,,4.368932038834951,8.737864077669903,2.912621359223301,4.854368932038835,71.35922330097088,4.368932038834951,1.4563106796116505,1.9417475728155338,,15562670,0.22,0.23,0.13,0.1,,0.58,0.0,,,208,263,12422442,50,572814,1956,151600,HS
Denman (James) Middle,32.11,76,10,23,818,58.32331979865906,0.0,14.730270789171374,32.844227596622375,11,Ahsha Safaí,114,36,37,87,393,51,63,8,1,14.430379746835442,4.556962025316456,4.6835443037974684,11.012658227848101,49.74683544303797,6.455696202531645,7.974683544303797,1.0126582278481013,0.12658227848101267,27840365,0.38,0.4,0.04,0.77,,0.21,0.03,,1.18,794,837,19369555,52,195000,1939,152412,MS
Sunnyside Elementary,31.5,13,95,63,366,4.84133515112633,83.31785070960163,46.129230651395986,34.782437915812565,7,Myrna Melgar,45,9,13,21,74,46,135,7,,12.857142857142856,2.571428571428571,3.7142857142857144,6.0,21.142857142857142,13.142857142857142,38.57142857142858,2.0,,5735211,0.18,0.17,0.23,0.22,0.2,0.0,0.0,,,337,381,10164366,18,64687,2000,41996,ES
Cleveland Elementary,25.45,38,6,80,303,28.64420269892689,0.0,60.99970195860697,29.57202683911519,11,Ahsha Safaí,7,5,12,11,260,6,1,3,1,2.287581699346405,1.6339869281045754,3.9215686274509802,3.594771241830065,84.9673202614379,1.9607843137254901,0.32679738562091504,0.9803921568627451,0.32679738562091504,6167514,0.33,0.35,0.16,0.58,1.25,0.04,1.25,,0.88,318,396,7732115,18,60000,1910,28927,ES
San Francisco Community Alternative,18.61,28,34,43,234,20.521187457423444,24.258577368423076,31.18951432611649,24.122616652346615,11,Ahsha Safaí,9,27,21,17,109,23,65,2,1,3.2846715328467155,9.854014598540147,7.664233576642336,6.204379562043796,39.78102189781022,8.394160583941606,23.722627737226276,0.7299270072992701,0.36496350364963503,7210785,0.24,0.25,0.03,0.29,,0.01,,0.48,,280,297,2841356,16,60000,1911,66900,ES
Yu (Alice Fong) Elementary,66.85,69,98,78,595,52.182941920544714,93.06135537874931,58.98938641683017,64.10415640916722,4,Joel Engardio,352,33,42,18,29,83,29,,3,59.7623089983022,5.602716468590832,7.130730050933787,3.0560271646859083,4.923599320882852,14.091680814940577,4.923599320882852,,0.5093378607809848,6768445,0.21,0.23,0.02,0.41,0.81,0.02,0.0,0.67,,586,594,4378810,24,78007,1995,42978,ES
Giannini (A.P.) Middle,49.9,26,63,99,1184,18.756283483931647,46.12934791151096,98.23343433291444,45.46883730307218,4,Joel Engardio,569,37,57,39,138,126,222,5,,47.69488683989941,3.1014249790444257,4.777870913663034,3.269069572506287,11.5674769488684,10.561609388097235,18.608549874266554,0.4191114836546521,,11609806,0.17,0.13,0.49,0.15,0.01,0.0,0.0,0.06,,1178,1199,48244407,50,383154,1954,136392,MS
Independence High,43.58,82,7,84,,64.37467490309753,0.0,65.39858629168602,48.53698402447027,4,Joel Engardio,15,30,5,5,63,25,53,,1,7.614213197969544,15.228426395939088,2.5380710659898478,2.5380710659898478,31.979695431472084,12.690355329949238,26.903553299492383,,0.5076142131979695,1948285,0.1,0.09,0.2,0.54,0.05,0.05,0.05,0.0,,137,275,11658653,14,48000,1980,30114,HS
Lawton Alternative,36.84,21,76,79,602,14.018057029247405,57.07596635451456,59.98129229228584,36.273343176323806,4,Joel Engardio,432,12,49,12,34,31,29,1,1,71.8801996672213,1.9966722129783694,8.153078202995008,1.9966722129783694,5.657237936772046,5.158069883527454,4.825291181364393,0.16638935108153077,0.16638935108153077,9130456,0.18,0.19,0.12,0.33,0.0,0.0,0.0,,,597,605,6766778,29,90000,1936,64940,ES
Jefferson Elementary,17.61,11,83,27,509,2.0184670302235332,64.24304131816827,18.39904326566085,21.669754661069046,7,Myrna Melgar,258,4,27,7,41,57,108,,,51.39442231075697,0.796812749003984,5.378486055776892,1.394422310756972,8.167330677290837,11.354581673306772,21.51394422310757,,,13534170,0.36,0.36,0.37,0.64,,0.07,0.0,0.0,1.11,486,509,3138592,22,82500,1960,45344,ES
Key (Francis Scott) Elementary,12.29,0,84,68,552,0.0,65.39870355180103,50.111497239011854,28.877550197703222,4,Joel Engardio,238,2,21,23,56,60,162,,,42.34875444839858,0.3558718861209964,3.7366548042704624,4.092526690391459,9.9644128113879,10.676156583629894,28.825622775800714,,,9592457,0.24,0.24,0.27,0.71,,0.04,,,,543,582,11051316,29,90000,1935,54321,ES
Harte (Bret) Elementary,48.91,91,40,16,256,76.40756688887726,28.927803775541253,7.353292325591614,47.274057469721846,10,Shamann Walton,2,44,13,2,151,12,2,21,,0.8097165991902834,17.813765182186234,5.263157894736842,0.8097165991902834,61.1336032388664,4.8582995951417,0.8097165991902834,8.502024291497975,,14746267,0.28,0.31,0.04,0.51,,,,0.2,0.0,268,323,5379786,29,204740,1953,72359,ES
Marshall (Thurgood) High,44.18,95,35,6,482,84.56520415374837,25.05429825389863,0.0,48.54617664034884,10,Shamann Walton,34,37,4,8,373,11,4,2,4,7.127882599580712,7.756813417190776,0.8385744234800839,1.6771488469601679,78.19706498951781,2.3060796645702304,0.8385744234800839,0.41928721174004197,0.8385744234800839,16381953,0.18,0.19,0.01,0.44,0.0,0.0,0.0,,,526,638,59905938,48,269592,1960,150404,HS
Carver (George Washington) Elementary,41.76,88,36,8,92,71.77911436669706,25.842131525071213,0.0,42.35009006461633,10,Shamann Walton,,51,3,,23,4,,14,2,,52.57731958762887,3.0927835051546393,,23.711340206185564,4.123711340206185,,14.432989690721648,2.0618556701030926,7613857,0.23,0.31,0.02,0.74,,0.05,0.0,,,107,139,5739152,21,108155,1974,46418,ES
Drew (Charles) College Preparatory Academy,34.05,71,19,22,203,53.8652625667684,10.704683650967958,13.762492200447461,33.04942524623806,10,Shamann Walton,1,101,9,4,59,8,,3,2,0.53475935828877,54.01069518716578,4.81283422459893,2.13903743315508,31.550802139037433,4.27807486631016,,1.6042780748663104,1.06951871657754,429748,0.02,0.02,0.0,0.02,0.07,,0.0,,,186,270,33115545,28,120000,1972,55234,ES
Brown Jr. (Willie L) Middle,33.99,48,29,69,370,36.14832864170983,20.134204014883252,50.935471216285755,35.841583128647166,10,Shamann Walton,9,71,17,11,93,37,62,12,1,2.8753993610223643,22.683706070287542,5.431309904153355,3.5143769968051117,29.712460063897762,11.821086261980831,19.808306709265175,3.8338658146964857,0.3194888178913738,2366103,0.04,0.04,0.0,0.0,,0.0,0.01,0.0,,196,263,57956872,23,225118,2015,88830,MS
Malcolm X Academy,30.24,94,12,0,101,82.20615709280821,2.2203522149561437,0.0,41.65816660014314,10,Shamann Walton,,65,4,1,9,19,2,5,,,61.904761904761905,3.8095238095238098,0.9523809523809524,8.571428571428571,18.095238095238095,1.9047619047619049,4.761904761904762,,17301575,0.48,0.52,0.07,0.88,0.0,0.06,,,1.17,107,170,4326236,18,155422,1955,50800,ES
Aptos Middle,51.87,73,53,64,916,55.60030605587605,38.589794783001665,46.90986435232135,49.17506781176877,7,Myrna Melgar,353,57,27,36,219,80,85,,,41.1901983663944,6.651108518086348,3.150525087514586,4.200700116686114,25.55425904317386,9.334889148191365,9.918319719953326,,,28452813,0.24,0.24,0.11,0.52,,0.18,,,,855,904,20231647,49,121974,1931,168000,MS
Miraloma Elementary,36.52,17,97,70,349,9.756425263479617,89.17188740675292,51.770579176615314,40.113829277581864,7,Myrna Melgar,45,8,20,9,61,60,146,,1,12.857142857142856,2.2857142857142856,5.714285714285714,2.571428571428571,17.42857142857143,17.142857142857142,41.714285714285715,,0.2857142857142857,7850572,0.19,0.16,0.4,0.52,0.05,0.05,,0.03,,333,408,10620664,19,101600,1952,56100,ES
West Portal Elementary,28.03,22,65,46,590,15.009962904703176,47.69781488360892,33.42219955207008,27.78498506127134,7,Myrna Melgar,346,9,26,8,43,58,100,,,58.644067796610166,1.5254237288135595,4.406779661016949,1.3559322033898304,7.288135593220339,9.830508474576272,16.94915254237288,,,13978910,0.42,0.45,0.33,1.12,0.0,0.23,0.03,0.0,1.14,533,616,5450883,28,122324,1926,44700,ES
Sloat (Commodore) Elementary,25.42,29,72,11,361,21.381557459024595,53.47827912422537,0.7709963259689658,24.25309759206088,7,Myrna Melgar,184,12,15,17,41,32,80,,,48.29396325459317,3.149606299212598,3.937007874015748,4.4619422572178475,10.761154855643044,8.398950131233596,20.99737532808399,,,13967706,0.48,0.48,0.5,0.62,0.0,0.13,,0.67,0.86,371,395,2572968,17,195266,1922,59200,ES
Marshall Elementary,38.32,84,20,15,245,66.64605699594624,11.752293918785568,6.152871270023567,37.79931979517541,9,Hillary Ronen,2,5,5,1,208,2,23,,1,0.8097165991902834,2.0242914979757085,2.0242914979757085,0.4048582995951417,84.21052631578947,0.8097165991902834,9.31174089068826,,0.4048582995951417,5246717,0.32,0.28,0.96,0.47,1.0,0.27,0.0,0.0,0.0,233,264,3185229,15,33900,1950,34300,ES
Carmichael (Bessie)/FEC,27.76,90,0,20,563,74.76582007930807,0.0,11.752176658670656,40.3209542043217,6,Matt Dorsey,37,96,42,125,160,41,47,5,4,6.642728904847396,17.235188509874327,7.5403949730700175,22.44165170556553,28.725314183123878,7.360861759425494,8.43806104129264,0.8976660682226212,0.718132854578097,11071392,0.275,0.265,0.54,0.6599999999999999,0.22,0.12,0.0,1.25,0.0,592,676,700000,33,98575,2004,56358,ES
S.F. International High,55.71,77,68,51,380,59.269078532365825,50.111614499126844,37.11325714055954,51.44075717610451,9,Hillary Ronen,41,2,3,3,323,,20,,,10.459183673469388,0.5102040816326531,0.7653061224489796,0.7653061224489796,82.39795918367348,,5.1020408163265305,,,37497687,0.45,0.45,0.43,0.89,0.0,0.13,0.01,0.0,1.08,293,499,0,35,239000,1970,126658,HS
Webster (Daniel) Elementary,48.04,50,67,75,357,37.6234100128965,49.29787554761582,56.150230422032394,45.173731498860306,10,Shamann Walton,22,23,11,9,147,37,106,,1,6.179775280898876,6.460674157303371,3.089887640449438,2.528089887640449,41.29213483146067,10.393258426966293,29.775280898876407,,0.2808988764044944,3446405,0.13,0.13,0.11,0.22,0.17,0.2,1.25,0.1,,341,382,12074323,20,55000,1924,42800,ES
Downtown High,46.85,72,45,50,,54.725632568369555,32.680513424177875,36.37593930863881,44.62692946738895,10,Shamann Walton,6,29,4,1,88,10,2,6,1,4.081632653061225,19.727891156462583,2.7210884353741496,0.6802721088435374,59.863945578231295,6.802721088435375,1.3605442176870748,4.081632653061225,0.6802721088435374,5751848,0.15,0.16,0.01,0.38,0.0,0.38,0.0,0.46,,134,225,7358112,18,64500,1956,58760,HS
King (Thomas Starr) Elementary,41.53,63,42,53,334,47.376701355654525,30.439591479903807,38.5896775228867,40.94566792852489,10,Shamann Walton,98,37,22,6,50,78,37,7,,29.253731343283583,11.044776119402986,6.567164179104477,1.791044776119403,14.925373134328357,23.283582089552237,11.044776119402986,2.0895522388059704,,5086789,0.15,0.16,0.01,0.22,0.0,0.22,0.0,0.0,,318,415,13310350,23,65900,1949,49900,ES
Wallenberg (Raoul) Traditional High,68.34,75,80,92,528,57.39770112629181,60.99981921872199,76.92700650655331,63.18055699446473,5,Dean Preston,203,52,13,19,128,43,89,3,1,36.84210526315789,9.43738656987296,2.35934664246824,3.4482758620689653,23.23049001814882,7.80399274047187,16.152450090744104,0.5444646098003629,0.18148820326678766,9577470,0.22,0.24,0.01,0.31,0.24,0.24,0.17,0.17,,636,686,15139396,26,144184,1951,62840,HS
Cobb (William L.) Elementary,49.82,44,99,34,137,33.18379672112153,98.23355159302956,24.258460108308142,47.214901285895195,5,Dean Preston,8,44,7,2,44,14,17,1,,5.839416058394161,32.11678832116788,5.109489051094891,1.4598540145985401,32.11678832116788,10.218978102189782,12.408759124087592,0.7299270072992701,,3809275,0.16,0.18,0.06,0.22,0.0,0.0,0.0,,,156,192,9682639,17,56718,1925,36346,ES
San Francisco Public Montessori,21.61,20,82,10,105,12.999647362926183,63.12732145895251,0.0,22.28165404620122,2,Catherine Stefani,5,16,12,1,30,16,30,2,,4.464285714285714,14.285714285714285,10.714285714285714,0.8928571428571428,26.785714285714285,14.285714285714285,26.785714285714285,1.7857142857142856,,7503078,0.24,0.25,0.0,0.44,,0.03,0.0,0.49,,153,192,8262770,22,38361,1923,64500,ES
Parks (Rosa) Elementary,19.84,68,13,2,328,51.35896794327074,3.593981706986412,0.0,26.577979398381974,5,Dean Preston,51,67,20,11,90,68,33,4,,14.825581395348838,19.476744186046513,5.813953488372093,3.1976744186046515,26.16279069767442,19.767441860465116,9.593023255813954,1.1627906976744187,,20315195,0.49,0.5,0.23,0.77,0.16,0.44,,1.25,1.0,380,460,4158677,30,133884,1924,66900,ES
Lau (Gordon J.) Elementary,36.7,36,54,55,654,27.089484969213036,39.32979632532251,40.07148245321472,33.395062179240824,3,Aaron Peskin,572,3,20,5,35,10,5,,,88.0,0.46153846153846156,3.076923076923077,0.7692307692307693,5.384615384615385,1.5384615384615385,0.7692307692307693,,,9744805,0.17,0.18,0.05,0.25,0.57,0.18,0.0,0.57,,700,734,27015495,31,68870,1914,66113,ES
Tenderloin Community,26.73,74,15,7,284,56.490536541861346,6.152988530138472,0.0,29.78351540346529,6,Matt Dorsey,38,26,13,10,144,14,31,2,,13.66906474820144,9.352517985611511,4.676258992805756,3.597122302158273,51.798561151079134,5.0359712230215825,11.151079136690647,0.7194244604316548,,13364078,0.28,0.29,0.2,0.75,0.26,0.26,0.01,0.01,0.01,300,359,300000,24,32000,1998,81207,ES
Lincoln (Abraham) High,62.09,83,22,97,2118,65.49039476231337,13.762609460562388,89.17177014663787,58.478792282956746,4,Joel Engardio,918,98,46,63,571,115,203,19,4,45.06627393225332,4.810996563573884,2.258222876779578,3.0927835051546393,28.031418753068237,5.645557191948945,9.965635738831615,0.9327442317133039,0.19636720667648502,52955826,0.32,0.32,0.32,0.7,0.18,0.2,,0.12,0.99,1920,2046,45013869,90,704016,1940,330200,HS
Hoover (Herbert) Middle,47.8,56,23,95,959,42.06302330467147,14.730388049286294,83.31773344948661,45.54354202702896,7,Myrna Melgar,483,19,38,17,275,46,67,1,2,50.9493670886076,2.0042194092827006,4.008438818565401,1.7932489451476792,29.008438818565402,4.852320675105485,7.067510548523207,0.10548523206751054,0.21097046413502107,23794337,0.3,0.32,0.07,0.79,0.14,,0.01,0.0,,934,965,23419746,44,358229,1956,132400,MS
Ulloa Elementary,29.41,19,70,72,521,11.95203709510848,51.770696436730304,53.478161864110376,32.28823312276441,4,Joel Engardio,393,4,18,20,32,28,25,1,,75.43186180422265,0.7677543186180422,3.45489443378119,3.8387715930902107,6.142034548944338,5.3742802303262955,4.798464491362764,0.19193857965451055,,11371464,0.31,0.28,0.61,0.44,,,,,1.1,530,528,10834315,25,173200,1956,63730,ES
Stevenson (Robert Louis) Elementary,24.04,8,90,60,442,0.0,73.51846663516217,43.824192101851324,29.335664684253373,4,Joel Engardio,309,1,25,12,26,28,36,1,,70.54794520547945,0.228310502283105,5.707762557077626,2.73972602739726,5.93607305936073,6.392694063926941,8.21917808219178,0.228310502283105,,6708732,0.18,0.18,0.18,0.3,0.0,0.06,0.06,,,449,445,18995685,23,144000,1956,59740,ES
Sunset Elementary,14.35,3,91,32,404,0.0,75.16021344473121,22.64038137826578,24.45014870574925,4,Joel Engardio,222,3,26,7,26,48,71,,,55.08684863523573,0.7444168734491315,6.451612903225806,1.7369727047146404,6.451612903225806,11.910669975186105,17.617866004962778,,,11206738,0.33,0.28,0.48,0.66,,0.04,0.18,1.15,1.15,401,406,5414329,16,204592,1956,37115,ES
Feinstein (Dianne) Elementary,8.85,5,55,56,358,0.0,40.07159971332968,40.8155526004134,20.22178807843577,4,Joel Engardio,134,9,19,13,40,41,127,,,34.9869451697128,2.3498694516971277,4.960835509138381,3.3942558746736298,10.443864229765012,10.704960835509137,33.15926892950392,,,8648745,0.26,0.27,0.12,0.81,0.16,0.16,0.06,1.2,0.0,406,421,300000,27,91257,2006,62087,ES
Buena Vista/ Horace Mann K-8,54.62,86,43,66,588,69.09735195181423,31.189631586231442,48.49341850896949,54.469438499707344,9,Hillary Ronen,1,4,24,1,516,10,29,,,0.17094017094017094,0.6837606837606838,4.102564102564102,0.17094017094017094,88.2051282051282,1.7094017094017095,4.957264957264957,,,26012862,0.39,0.4,0.19,0.99,0.06,0.0,1.25,0.07,0.95,591,618,46885828,37,111527,1950,111558,ES
Serra (Junipero) Elementary,40.12,39,46,82,280,29.41235332450736,33.42231681218504,63.127204198837504,38.843556915009316,9,Hillary Ronen,19,12,13,5,187,11,10,3,,7.307692307692308,4.615384615384616,5.0,1.9230769230769231,71.92307692307692,4.230769230769231,3.8461538461538463,1.153846153846154,,1515969,0.07,0.06,0.24,0.04,0.0,0.0,0.0,0.0,,267,292,13021908,17,34730,1974,34200,ES
Moscone (George R.) Elementary,39.65,54,51,39,333,40.57714976946549,37.1133744006745,28.164882620250392,36.60813913996397,9,Hillary Ronen,96,8,17,,216,6,9,,,27.27272727272727,2.272727272727273,4.829545454545454,,61.36363636363637,1.7045454545454544,2.556818181818182,,,19589551,0.5,0.51,0.22,0.94,2.0,0.55,0.03,1.25,0.89,391,444,1311388,23,67375,1997,74822,ES
O'Connell (John) High,36.82,92,11,9,505,78.17447721081453,0.7711135860838567,0.0,39.28001700192823,9,Hillary Ronen,6,48,11,19,353,15,22,4,5,1.2422360248447204,9.937888198757763,2.2774327122153206,3.9337474120082816,73.08488612836439,3.1055900621118013,4.554865424430641,0.8281573498964804,1.0351966873706004,26634269,0.3,0.29,0.63,0.73,0.28,0.18,,0.02,,530,583,2091197,63,155195,2000,130091,HS
Revere (Paul) Elementary,34.15,80,2,45,455,62.2471726628668,0.0,32.68039616406292,39.29368537244913,9,Hillary Ronen,7,37,17,18,350,15,10,3,6,1.511879049676026,7.991360691144708,3.6717062634989204,3.8876889848812093,75.5939524838013,3.2397408207343417,2.159827213822894,0.6479481641468683,1.2958963282937366,12790209,0.29500000000000004,0.305,0.22499999999999998,0.6799999999999999,0.14,0.14500000000000002,0.03,0.05,1.03,171,196,7291829,13,49000,1970,38220,ES
Flynn (Leonard R.) Elementary,31.7,62,21,24,380,46.60261732686611,12.770703585106709,15.676029522878068,30.412991940429247,9,Hillary Ronen,4,44,21,3,214,31,64,2,,1.0443864229765014,11.488250652741515,5.483028720626632,0.7832898172323759,55.87467362924282,8.093994778067886,16.710182767624023,0.5221932114882507,,11239843,0.21,0.21,0.15,1.08,,0.28,0.0,1.25,,426,442,2765380,30,64153,1955,57105,ES
Bryant Elementary,31.53,70,18,17,238,53.01804988087435,9.624791678555042,8.508954559224367,31.042461499882027,9,Hillary Ronen,,13,10,,211,1,4,,1,,5.416666666666667,4.166666666666666,,87.91666666666667,0.4166666666666667,1.6666666666666667,,0.4166666666666667,8878154,0.49,0.5,0.34,0.97,0.0,0.12,0.01,0.0,0.98,270,316,4345167,17,40000,1970,35764,ES
Chavez (Cesar) Elementary,29.96,49,39,25,398,36.8860921809757,28.16499988036534,16.601648195245236,29.634708109390495,9,Hillary Ronen,,11,13,,373,7,6,1,,,2.67639902676399,3.1630170316301705,,90.75425790754258,1.70316301703163,1.4598540145985401,0.24330900243309003,,10527428,0.28,0.28,0.13,0.42,0.23,0.23,,,0.0,443,463,6966780,29,69515,1940,53940,ES
Burton (Phillip and Sala) Academic High,69.96,97,60,85,1053,90.41924085090017,43.82430936196629,66.59900734725406,72.81544960275517,10,Shamann Walton,321,92,17,105,414,41,18,20,3,31.134820562560623,8.923375363724539,1.6488845780795343,10.184287099903006,40.15518913676043,3.976721629485936,1.7458777885548011,1.939864209505335,0.2909796314258002,30758948,0.19,0.18,0.3,0.35,0.08,0.08,0.8,0.11,,1144,1228,16676468,70,774000,1961,230000,HS
Visitacion Valley Middle,51.5,87,31,67,343,70.40548487466668,21.816524661106808,49.297758287500834,52.98131317448525,10,Shamann Walton,54,28,6,17,165,15,4,22,,17.363344051446948,9.003215434083602,1.929260450160772,5.466237942122187,53.054662379421224,4.823151125401929,1.2861736334405145,7.07395498392283,,14688697,0.24,0.24,0.12,0.5,,0.23,0.01,0.36,,347,454,22492345,39,383985,1970,112630,MS
King Jr. (Martin Luther) Academic Middle,28.87,67,3,47,371,50.54522899175964,0.0,34.16220109439092,33.81316476947755,10,Shamann Walton,111,51,11,24,154,10,4,6,,29.919137466307276,13.746630727762804,2.964959568733154,6.46900269541779,41.509433962264154,2.6954177897574128,1.078167115902965,1.6172506738544474,,9105633,0.23,0.25,0.09,0.72,0.24,0.05,0.01,,,400,457,9637557,29,207200,1980,72210,MS
Taylor (Edward R.) Elementary,24.47,53,38,5,565,39.83714822714458,27.396849254784932,0.0,26.767786427268526,10,Shamann Walton,311,16,14,15,207,20,2,3,,52.89115646258503,2.7210884353741496,2.380952380952381,2.5510204081632653,35.204081632653065,3.4013605442176873,0.3401360544217687,0.5102040816326531,,8792658,0.24,0.21,0.51,0.7,,0.06,0.01,,,641,689,1196838,33,96000,1929,56113,ES
Visitacion Valley Elementary,23.23,58,16,13,237,43.559875101746975,7.353409585706519,3.593864446871507,24.516756059017993,10,Shamann Walton,112,23,6,10,73,14,6,19,,42.585551330798474,8.745247148288973,2.2813688212927756,3.802281368821293,27.756653992395435,5.323193916349809,2.2813688212927756,7.224334600760455,,3311584,0.08,0.11,0.0,0.0,,0.01,0.0,0.0,,297,343,11880310,22,84552,1937,51400,ES
El Dorado Elementary,20.32,45,4,44,128,33.92786686832028,0.0,31.936326016864236,24.948014938376197,10,Shamann Walton,9,21,8,5,56,7,4,13,,7.317073170731707,17.073170731707318,6.504065040650407,4.0650406504065035,45.52845528455284,5.691056910569105,3.2520325203252036,10.569105691056912,,201659,0.01,0.0,0.08,0.0,,0.01,,,,126,184,15596556,17,203492,1980,41378,ES
Hillcrest Elementary,16.0,43,8,18,319,32.43698503037372,0.0,9.624674418440133,18.624661119796894,10,Shamann Walton,42,32,10,19,211,8,2,4,,12.804878048780488,9.75609756097561,3.048780487804878,5.7926829268292686,64.32926829268293,2.4390243902439024,0.6097560975609756,1.2195121951219512,,7134902,0.2,0.21,0.16,0.14,,,,0.19,,372,361,38101517,27,106154,1956,55213,ES
Lowell High,90.97,60,88,100,2593,45.071662806109664,70.5317609225514,100.0,65.16877163369269,7,Myrna Melgar,1185,66,68,145,450,210,409,4,3,46.653543307086615,2.5984251968503935,2.677165354330709,5.708661417322835,17.716535433070867,8.267716535433072,16.10236220472441,0.15748031496062992,0.11811023622047244,32726196,0.2,0.2,0.18,0.55,,,0.0,0.08,,2652,2661,22578221,99,1189188,1970,245000,HS
Ortega (Jose) Elementary,44.27,42,57,86,406,31.686944924046024,41.56248155127611,67.84988124755378,43.19656316173048,7,Myrna Melgar,223,18,10,21,44,39,18,,1,59.62566844919787,4.81283422459893,2.6737967914438503,5.614973262032086,11.76470588235294,10.427807486631016,4.81283422459893,,0.267379679144385,2766474,0.11,0.07,0.35,0.15,0.0,0.09,0.0,,,390,421,11052004,20,220000,1950,42965,ES
Lakeshore Alternative Elementary,29.27,23,59,74,416,15.977741493427171,43.066291496963906,55.24306583760202,32.56621008035506,7,Myrna Melgar,123,59,17,27,82,52,59,1,1,29.216152019002372,14.014251781472684,4.038004750593824,6.413301662707839,19.47743467933492,12.351543942992874,14.014251781472684,0.23752969121140144,0.23752969121140144,8304413,0.25,0.24,0.29,0.47,0.16,0.26,0.0,1.25,,427,426,14594489,30,243936,1955,56101,ES
Roosevelt Middle,74.97,78,78,96,659,60.23685712108983,58.989503676945176,86.00898107933983,66.36804974961616,2,Catherine Stefani,318,26,33,11,70,67,129,2,1,48.401826484018265,3.95738203957382,5.0228310502283104,1.67427701674277,10.6544901065449,10.197869101978691,19.63470319634703,0.30441400304414,0.15220700152207,14388157,0.2,0.2,0.19,0.18,0.08,,,,,670,682,11051694,32,94469,1928,121000,MS
Sutro Elementary,29.87,18,77,58,253,10.872145122695471,58.02172508822126,42.31240439748877,30.519604932775245,1,Connie Chan,178,3,8,4,15,16,24,,,71.7741935483871,1.2096774193548387,3.225806451612903,1.6129032258064515,6.048387096774194,6.451612903225806,9.67741935483871,,,1553768,0.09,0.1,0.07,0.26,0.0,0.07,0.0,0.0,,226,267,5807369,16,42000,1976,32860,ES
McCoppin (Frank) Elementary,19.41,1,86,90,260,0.0,67.84999850766881,73.51834937504715,35.34208697067899,1,Connie Chan,71,6,15,8,46,36,58,,2,29.338842975206614,2.479338842975207,6.198347107438017,3.3057851239669422,19.00826446280992,14.87603305785124,23.96694214876033,,0.8264462809917356,2052859,0.11,0.1,0.15,0.21,0.69,0.04,0.0,0.2,,198,243,11614738,17,42000,1970,32799,ES
Peabody (George) Elementary,15.6,2,100,30,268,0.0,100.0,20.98129944066231,30.245324860165578,1,Connie Chan,67,3,21,11,27,39,101,1,,24.814814814814813,1.1111111111111112,7.777777777777778,4.074074074074074,10.0,14.444444444444443,37.407407407407405,0.3703703703703704,,1583583,0.11,0.1,0.22,0.25,0.48,0.02,0.0,,,272,275,7761238,13,36000,1970,21805,ES
Academy (The)- SF @McAteer,53.99,96,25,57,126,87.25645178360185,16.60176545536016,41.56236429116114,58.16925832843125,7,Myrna Melgar,32,36,6,15,124,18,32,2,,12.075471698113208,13.584905660377359,2.2641509433962264,5.660377358490567,46.79245283018868,6.7924528301886795,12.075471698113208,0.7547169811320755,,,,,,,,,,,,,,,,,,,
Clarendon Alternative Elementary,49.1,27,93,93,536,19.646513969916967,78.84711938276344,78.84700212264838,49.24678736131143,7,Myrna Melgar,149,17,31,11,61,121,139,,,28.166351606805296,3.213610586011342,5.8601134215500945,2.0793950850661624,11.531190926275993,22.873345935727787,26.27599243856333,,,3096103,0.09,0.08,0.14,0.1,0.27,0.0,0.11,0.34,,511,542,24936649,27,135036,1961,57410,ES
Huerta (Dolores) Elementary,48.75,47,69,76,421,35.40967179864842,50.935588476400746,57.07584909439956,44.70769529202428,11,Ahsha Safaí,6,5,8,3,266,25,68,,,1.574803149606299,1.3123359580052494,2.099737532808399,0.7874015748031495,69.81627296587926,6.561679790026247,17.84776902887139,,,9759629,0.28,0.29,0.23,0.88,,0.15,0.17,0.26,,345,384,3760843,23,125819,1977,60960,ES
Asawa (Ruth) SF Sch of the Arts A Public School,39.55,51,32,87,680,38.36072784481729,22.640498638380713,69.15801417040615,42.12999212460536,7,Myrna Melgar,94,30,28,22,148,105,250,1,2,13.823529411764707,4.411764705882353,4.117647058823529,3.2352941176470593,21.764705882352942,15.441176470588236,36.76470588235294,0.14705882352941177,0.29411764705882354,22858974,0.18,0.14,0.49,0.04,1.09,0.05,0.0,0.17,,1097,1065,40052770,71,1086169,1974,243882,HS
Mission Education Center,33.02,37,28,83,78,27.870118670138474,19.273834013282183,64.24292405805326,34.8142488529031,8,Rafael Mandelman,,1,6,,99,6,12,,,,0.8064516129032258,4.838709677419355,,79.83870967741935,4.838709677419355,9.67741935483871,,,4613392,0.21,0.21,0.04,0.67,,0.28,,,,57,140,6096222,15,41040,1980,23190,ES
Glen Park Elementary,26.56,35,30,54,346,26.30165169804038,20.98141670077724,39.32967906520754,28.228599790516387,8,Rafael Mandelman,9,20,13,6,160,31,81,,1,2.803738317757009,6.230529595015576,4.049844236760125,1.8691588785046727,49.84423676012461,9.657320872274143,25.233644859813083,,0.3115264797507788,8500561,0.25,0.26,0.1,0.72,0.16,0.0,0.0,0.0,,313,341,8724341,20,103792,1936,45200,ES
Mission High,54.86,93,33,59,1032,80.0944728269098,23.45423758989173,43.06617423684894,56.67733937014006,8,Rafael Mandelman,47,132,21,23,746,31,80,1,3,4.3357933579335795,12.177121771217712,1.9372693726937271,2.121771217712177,68.81918819188192,2.859778597785978,7.380073800738007,0.09225092250922509,0.27675276752767525,76652995,0.54,0.55,0.3,1.05,0.66,0.46,0.0,0.48,1.06,1080,1163,27125785,77,234640,1926,238677,HS
Alvarado Elementary,34.51,32,79,31,536,23.88785208252226,59.98140955240085,21.816407400991874,32.39338027960931,8,Rafael Mandelman,14,5,25,3,250,66,152,2,1,2.7027027027027026,0.9652509652509652,4.826254826254826,0.5791505791505791,48.26254826254826,12.741312741312742,29.343629343629345,0.3861003861003861,0.19305019305019305,17036439,0.43,0.45,0.25,0.55,0.09,0.45,0.0,0.32,1.14,472,518,2851168,33,79247,1924,51700,ES
Sanchez Elementary,32.94,59,37,21,273,44.313644941107206,26.62276522599658,12.77058632499179,32.0051603583007,8,Rafael Mandelman,9,19,7,9,204,7,17,,3,3.272727272727273,6.909090909090909,2.5454545454545454,3.272727272727273,74.18181818181819,2.5454545454545454,6.181818181818182,,1.090909090909091,5418496,0.16,0.15,0.21,0.41,1.09,0.0,0.0,,,282,318,8259888,30,77900,1926,50500,ES
McKinley Elementary,30.77,16,89,52,294,8.600763029846764,71.98099955142368,37.85102067982536,31.75838657273564,8,Rafael Mandelman,19,17,14,4,50,31,112,,,7.6923076923076925,6.882591093117409,5.668016194331984,1.6194331983805668,20.242914979757085,12.550607287449392,45.34412955465587,,,6524461,0.27,0.27,0.2,0.45,0.11,0.11,,,0.0,277,299,4902443,20,73600,1976,45160,ES
Lick (James) Middle,29.82,66,9,37,489,49.740889213228236,0.0,26.62264796588164,31.526106598084528,8,Rafael Mandelman,8,39,22,6,335,20,41,4,1,1.680672268907563,8.193277310924369,4.621848739495799,1.2605042016806722,70.37815126050421,4.201680672268908,8.61344537815126,0.8403361344537815,0.21008403361344538,28292788,0.36,0.36,0.34,0.4,0.05,0.26,,0.75,0.7,424,536,19474696,34,127680,1934,116000,MS
Rooftop Elementary,25.11,25,62,26,577,17.849118899501192,45.35526388272262,17.508812779675612,24.640578615350154,7,Myrna Melgar,35,63,46,12,148,75,188,,3,6.140350877192982,11.052631578947368,8.070175438596491,2.1052631578947367,25.964912280701753,13.157894736842104,32.98245614035088,,0.5263157894736842,12778087,0.43499999999999994,0.495,0.11499999999999999,0.775,1.25,0.25,0.385,0.71,0.57,549,610,1871018,24,193992,1953,21000,ES
Milk (Harvey) Civil Rights Elementary,21.5,9,73,71,133,0.0,54.35295261173177,52.61779186250929,26.742686118560265,8,Rafael Mandelman,1,22,7,,32,20,70,2,,0.6493506493506493,14.285714285714285,4.545454545454546,,20.77922077922078,12.987012987012985,45.45454545454545,1.2987012987012987,,489965,0.02,0.0,0.42,0.0,,0.42,0.0,0.0,,187,198,20716327,11,31405,1956,30560,ES
Everett Middle,15.2,79,1,4,404,61.22876299654559,0.0,0.0,30.614381498272795,8,Rafael Mandelman,7,26,16,5,358,18,35,,2,1.4989293361884368,5.567451820128479,3.4261241970021414,1.070663811563169,76.65952890792292,3.854389721627409,7.494646680942184,,0.4282655246252677,50951547,0.53,0.54,0.23,0.74,0.93,0.36,0.0,1.23,1.04,598,637,12809961,38,178298,1928,155370,MS
Lilienthal (Claire) Elementary,40.88,31,87,61,674,23.063878105248286,69.15813143052115,44.58699599702723,39.96822090951124,2,Catherine Stefani,194,47,50,13,78,114,174,,,28.955223880597014,7.014925373134329,7.462686567164178,1.9402985074626864,11.641791044776118,17.01492537313433,25.970149253731346,,,7443225,0.21,0.205,0.32499999999999996,0.44,1.25,0.14,0.0,0.625,0.0,645,657,27650231,37,119230,1920,24919,ES
Marina Middle,35.98,65,17,49,666,48.94516832775261,8.509071819339276,35.638621476718086,35.509507487890644,2,Catherine Stefani,383,37,30,18,113,25,48,,,58.56269113149847,5.657492354740061,4.587155963302752,2.7522935779816518,17.2782874617737,3.82262996941896,7.339449541284404,,,32251032,0.3,0.29,0.89,0.21,0.06,0.19,0.6,0.73,0.73,684,739,44021773,47,281180,1930,152900,MS
Sherman Elementary,13.85,15,64,14,293,7.400341974278611,46.90998161243634,4.9019973697238335,16.653165732679348,2,Catherine Stefani,39,26,27,9,53,25,100,2,1,13.829787234042554,9.219858156028367,9.574468085106384,3.1914893617021276,18.79432624113475,8.865248226950355,35.46099290780142,0.7092198581560284,0.3546099290780142,11291026,0.3,0.35,0.03,0.74,,0.06,,,0.0,285,322,1171140,26,75625,1928,56200,ES
